season,event_date,tm_nano,tm_market,tm_name,tm_alias,opp_nano,opp_market,opp_name,opp_alias,tm_spread,opp_spread,total,attendance,duration,roof_type,surface_type,won_toss,won_toss_decision,won_toss_overtime,won_toss_overtime_decision,temperature,humidity_pct,wind_speed,boxscore_stats_link
2022,2022-09-08,u98I1lDKQBwZ0,Los Angeles,Rams,LA,3VqeLK0LS9rpw,Buffalo,Bills,BUF,2.5,-2.5,52.0,73846.0,166,Dome,Matrixturf,LA,Deferred,,,,,,https://www.pro-football-reference.com/boxscores/202209080ram.htm
2022,2022-09-11,mLspw4gJNTQGN,Atlanta,Falcons,ATL,CI5mhfNa0Zqd2,New Orleans,Saints,NO,5.5,-5.5,43.5,70078.0,187,Retractable roof (closed),Fieldturf,NO,Deferred,,,,,,https://www.pro-football-reference.com/boxscores/202209110atl.htm
2022,2022-09-11,jJBGuksuDJF5L,Carolina,Panthers,CAR,IR4gIYmh269EI,Cleveland,Browns,CLE,-1.5,1.5,42.0,72205.0,196,Outdoors,Grass ,CLE,Deferred,,,79.0,79.0,6.0,https://www.pro-football-reference.com/boxscores/202209110car.htm
2022,2022-09-11,1vVmWGzUZ1rea,Chicago,Bears,CHI,IwSI92ZDKoazn,San Francisco,49ers,SF,6.0,-6.0,38.0,62159.0,181,Outdoors,Grass ,CHI,Accepted,,,67.0,84.0,7.0,https://www.pro-football-reference.com/boxscores/202209110chi.htm
2022,2022-09-11,22ZdibiqvfA2D,Cincinnati,Bengals,CIN,SlVgURDFI7EXX,Pittsburgh,Steelers,PIT,-7.0,7.0,44.0,65841.0,222,Outdoors,Fieldturf ,CIN,Deferred,PIT,Accepted,73.0,90.0,2.0,https://www.pro-football-reference.com/boxscores/202209110cin.htm
2022,2022-09-11,UI0Ax4HUEXFh6,Houston,Texans,HOU,LJmHetie5VbbO,Indianapolis,Colts,IND,7.0,-7.0,45.5,69415.0,213,Retractable roof (closed),Astroturf,HOU,Deferred,HOU,Accepted,,,,https://www.pro-football-reference.com/boxscores/202209110htx.htm
2022,2022-09-11,FCuH1wdksA2DQ,Detroit,Lions,DET,hjjmgzxilGWdr,Philadelphia,Eagles,PHI,6.0,-6.0,48.5,64537.0,195,Dome,Fieldturf ,PHI,Deferred,,,,,,https://www.pro-football-reference.com/boxscores/202209110det.htm
2022,2022-09-11,9JtBk8kFeaGEs,Washington,Football Team,WAS,RtOjnciWkJPaL,Jacksonville,Jaguars,JAC,-3.0,3.0,43.0,58192.0,199,Outdoors,Grass ,WAS,Deferred,,,74.0,94.0,4.0,https://www.pro-football-reference.com/boxscores/202209110was.htm
2022,2022-09-11,mfbu6O5aMHbJg,Miami,Dolphins,MIA,VkxV91RtzHn65,New England,Patriots,NE,-3.0,3.0,46.0,65786.0,170,Outdoors,Grass ,MIA,Deferred,,,91.0,60.0,11.0,https://www.pro-football-reference.com/boxscores/202209110mia.htm
2022,2022-09-11,mexvMWO2v1hWn,New York,Jets,NYJ,zyhFXj1nywrm1,Baltimore,Ravens,BAL,6.5,-6.5,44.0,78827.0,183,Outdoors,Fieldturf ,BAL,Deferred,,,69.0,87.0,2.0,https://www.pro-football-reference.com/boxscores/202209110nyj.htm
2022,2022-09-11,GJizlkzQFaqGA,Arizona,Cardinals,ARI,oiGiwWPf0UqMC,Kansas City,Chiefs,KC,6.5,-6.5,54.0,63697.0,180,Retractable roof (closed),Grass ,ARI,Deferred,,,,,,https://www.pro-football-reference.com/boxscores/202209110crd.htm
2022,2022-09-11,AzOs5UWsXusSW,Minnesota,Vikings,MIN,D5QY6bOxfn8ZL,Green Bay,Packers,GB,-2.5,2.5,46.0,66959.0,183,Dome,Sportturf,GB,Deferred,,,,,,https://www.pro-football-reference.com/boxscores/202209110min.htm
2022,2022-09-11,ltMyRE3yvVUaw,Tennessee,Titans,TEN,n8CuHV9wbYCqF,New York,Giants,NYG,-5.0,5.0,44.0,67805.0,180,Outdoors,Grass ,TEN,Deferred,,,77.0,90.0,14.0,https://www.pro-football-reference.com/boxscores/202209110oti.htm
2022,2022-09-11,SjaMbkmeizJD4,Los Angeles,Chargers,LAC,LZoDld8s63xUs,Las Vegas,Raiders,LV,-3.5,3.5,52.5,70240.0,174,Dome,Matrixturf,LV,Deferred,,,,,,https://www.pro-football-reference.com/boxscores/202209110sdg.htm
2022,2022-09-11,KdjU81i7YSFE7,Dallas,Cowboys,DAL,QMAZH1v922YLu,Tampa Bay,Buccaneers,TB,2.0,-2.0,50.0,93797.0,177,Retractable roof (closed),Matrixturf,TB,Deferred,,,,,,https://www.pro-football-reference.com/boxscores/202209110dal.htm
2022,2022-09-12,4M8AK5p0WXs1N,Seattle,Seahawks,SEA,6DclFuycdPaOB,Denver,Broncos,DEN,6.5,-6.5,44.5,68965.0,177,Outdoors,Fieldturf ,DEN,Deferred,,,73.0,55.0,4.0,https://www.pro-football-reference.com/boxscores/202209120sea.htm
2022,2022-09-15,oiGiwWPf0UqMC,Kansas City,Chiefs,KC,SjaMbkmeizJD4,Los Angeles,Chargers,LAC,-4.0,4.0,54.0,73461.0,178,Outdoors,Grass ,LAC,Deferred,,,82.0,41.0,13.0,https://www.pro-football-reference.com/boxscores/202209150kan.htm
2022,2022-09-18,n8CuHV9wbYCqF,New York,Giants,NYG,jJBGuksuDJF5L,Carolina,Panthers,CAR,-2.0,2.0,43.5,73843.0,180,Outdoors,Fieldturf ,NYG,Deferred,,,77.0,56.0,7.0,https://www.pro-football-reference.com/boxscores/202209180nyg.htm
2022,2022-09-18,IR4gIYmh269EI,Cleveland,Browns,CLE,mexvMWO2v1hWn,New York,Jets,NYJ,-6.5,6.5,39.5,67431.0,189,Outdoors,Grass ,CLE,Accepted,,,79.0,58.0,12.0,https://www.pro-football-reference.com/boxscores/202209180cle.htm
2022,2022-09-18,RtOjnciWkJPaL,Jacksonville,Jaguars,JAC,LJmHetie5VbbO,Indianapolis,Colts,IND,3.0,-3.0,45.0,58360.0,165,Outdoors,Grass ,IND,Accepted,,,81.0,79.0,6.0,https://www.pro-football-reference.com/boxscores/202209180jax.htm
2022,2022-09-18,FCuH1wdksA2DQ,Detroit,Lions,DET,9JtBk8kFeaGEs,Washington,Football Team,WAS,-1.5,1.5,48.5,57687.0,187,Dome,Fieldturf ,WAS,Deferred,,,,,,https://www.pro-football-reference.com/boxscores/202209180det.htm
2022,2022-09-18,zyhFXj1nywrm1,Baltimore,Ravens,BAL,mfbu6O5aMHbJg,Miami,Dolphins,MIA,-3.5,3.5,44.5,70582.0,200,Outdoors,Grass,MIA,Deferred,,,77.0,69.0,6.0,https://www.pro-football-reference.com/boxscores/202209180rav.htm
2022,2022-09-18,CI5mhfNa0Zqd2,New Orleans,Saints,NO,QMAZH1v922YLu,Tampa Bay,Buccaneers,TB,2.5,-2.5,44.0,70400.0,191,Dome,Sportturf,TB,Deferred,,,,,,https://www.pro-football-reference.com/boxscores/202209180nor.htm
2022,2022-09-18,SlVgURDFI7EXX,Pittsburgh,Steelers,PIT,VkxV91RtzHn65,New England,Patriots,NE,2.5,-2.5,40.5,67307.0,178,Outdoors,Grass ,NE,Deferred,,,75.0,64.0,8.0,https://www.pro-football-reference.com/boxscores/202209180pit.htm
2022,2022-09-18,u98I1lDKQBwZ0,Los Angeles,Rams,LA,mLspw4gJNTQGN,Atlanta,Falcons,ATL,-10.0,10.0,46.5,71802.0,176,Dome,Matrixturf,LA,Deferred,,,,,,https://www.pro-football-reference.com/boxscores/202209180ram.htm
2022,2022-09-18,IwSI92ZDKoazn,San Francisco,49ers,SF,4M8AK5p0WXs1N,Seattle,Seahawks,SEA,-9.0,9.0,40.5,71597.0,171,Outdoors,Grass,SEA,Deferred,,,64.0,83.0,12.0,https://www.pro-football-reference.com/boxscores/202209180sfo.htm
2022,2022-09-18,KdjU81i7YSFE7,Dallas,Cowboys,DAL,22ZdibiqvfA2D,Cincinnati,Bengals,CIN,7.0,-7.0,42.0,92944.0,180,Retractable roof (closed),Matrixturf,CIN,Deferred,,,,,,https://www.pro-football-reference.com/boxscores/202209180dal.htm
2022,2022-09-18,LZoDld8s63xUs,Las Vegas,Raiders,LV,GJizlkzQFaqGA,Arizona,Cardinals,ARI,-5.5,5.5,51.5,61707.0,211,Dome,Grass,ARI,Deferred,ARI,Accepted,,,,https://www.pro-football-reference.com/boxscores/202209180rai.htm
2022,2022-09-18,6DclFuycdPaOB,Denver,Broncos,DEN,UI0Ax4HUEXFh6,Houston,Texans,HOU,-10.0,10.0,45.5,76191.0,184,Outdoors,Grass ,DEN,Deferred,,,79.0,30.0,7.0,https://www.pro-football-reference.com/boxscores/202209180den.htm
2022,2022-09-18,D5QY6bOxfn8ZL,Green Bay,Packers,GB,1vVmWGzUZ1rea,Chicago,Bears,CHI,-10.0,10.0,41.5,78350.0,166,Outdoors,Grass ,CHI,Deferred,,,73.0,76.0,6.0,https://www.pro-football-reference.com/boxscores/202209180gnb.htm
2022,2022-09-19,3VqeLK0LS9rpw,Buffalo,Bills,BUF,ltMyRE3yvVUaw,Tennessee,Titans,TEN,-10.0,10.0,47.5,70683.0,195,Outdoors,A_turf,TEN,Deferred,,,68.0,83.0,4.0,https://www.pro-football-reference.com/boxscores/202209190buf.htm
2022,2022-09-19,hjjmgzxilGWdr,Philadelphia,Eagles,PHI,AzOs5UWsXusSW,Minnesota,Vikings,MIN,-2.5,2.5,50.5,69879.0,168,Outdoors,Grass ,MIN,Deferred,,,79.0,58.0,4.0,https://www.pro-football-reference.com/boxscores/202209190phi.htm
2022,2022-09-22,IR4gIYmh269EI,Cleveland,Browns,CLE,SlVgURDFI7EXX,Pittsburgh,Steelers,PIT,-4.5,4.5,38.5,67431.0,190,Outdoors,Grass ,CLE,Accepted,,,61.0,48.0,24.0,https://www.pro-football-reference.com/boxscores/202209220cle.htm
2022,2022-09-25,mfbu6O5aMHbJg,Miami,Dolphins,MIA,3VqeLK0LS9rpw,Buffalo,Bills,BUF,4.5,-4.5,53.0,66206.0,191,Outdoors,Grass ,MIA,Deferred,,,90.0,54.0,7.0,https://www.pro-football-reference.com/boxscores/202209250mia.htm
2022,2022-09-25,jJBGuksuDJF5L,Carolina,Panthers,CAR,CI5mhfNa0Zqd2,New Orleans,Saints,NO,2.5,-2.5,41.0,70496.0,181,Outdoors,Grass ,NO,Deferred,,,69.0,61.0,6.0,https://www.pro-football-reference.com/boxscores/202209250car.htm
2022,2022-09-25,1vVmWGzUZ1rea,Chicago,Bears,CHI,UI0Ax4HUEXFh6,Houston,Texans,HOU,-3.0,3.0,39.0,60592.0,175,Outdoors,Grass ,HOU,Deferred,,,65.0,65.0,15.0,https://www.pro-football-reference.com/boxscores/202209250chi.htm
2022,2022-09-25,mexvMWO2v1hWn,New York,Jets,NYJ,22ZdibiqvfA2D,Cincinnati,Bengals,CIN,6.0,-6.0,45.0,73708.0,195,Outdoors,Fieldturf ,CIN,Accepted,,,67.0,63.0,2.0,https://www.pro-football-reference.com/boxscores/202209250nyj.htm
2022,2022-09-25,LJmHetie5VbbO,Indianapolis,Colts,IND,oiGiwWPf0UqMC,Kansas City,Chiefs,KC,5.5,-5.5,51.0,65975.0,185,Retractable roof (open),Fieldturf ,KC,Deferred,,,,,,https://www.pro-football-reference.com/boxscores/202209250clt.htm
2022,2022-09-25,AzOs5UWsXusSW,Minnesota,Vikings,MIN,FCuH1wdksA2DQ,Detroit,Lions,DET,-6.0,6.0,52.5,66638.0,194,Dome,Sportturf,MIN,Deferred,,,,,,https://www.pro-football-reference.com/boxscores/202209250min.htm
2022,2022-09-25,VkxV91RtzHn65,New England,Patriots,NE,zyhFXj1nywrm1,Baltimore,Ravens,BAL,2.5,-2.5,44.0,65878.0,184,Outdoors,Fieldturf ,NE,Deferred,,,69.0,55.0,15.0,https://www.pro-football-reference.com/boxscores/202209250nwe.htm
2022,2022-09-25,ltMyRE3yvVUaw,Tennessee,Titans,TEN,LZoDld8s63xUs,Las Vegas,Raiders,LV,2.0,-2.0,45.5,68649.0,189,Outdoors,Grass ,LV,Deferred,,,78.0,62.0,14.0,https://www.pro-football-reference.com/boxscores/202209250oti.htm
2022,2022-09-25,9JtBk8kFeaGEs,Washington,Football Team,WAS,hjjmgzxilGWdr,Philadelphia,Eagles,PHI,6.0,-6.0,47.5,64426.0,191,Outdoors,Grass ,PHI,Deferred,,,68.0,78.0,4.0,https://www.pro-football-reference.com/boxscores/202209250was.htm
2022,2022-09-25,SjaMbkmeizJD4,Los Angeles,Chargers,LAC,RtOjnciWkJPaL,Jacksonville,Jaguars,JAC,-3.0,3.0,42.5,67964.0,179,Dome,Matrixturf,LAC,Deferred,,,,,,https://www.pro-football-reference.com/boxscores/202209250sdg.htm
2022,2022-09-25,4M8AK5p0WXs1N,Seattle,Seahawks,SEA,mLspw4gJNTQGN,Atlanta,Falcons,ATL,-1.0,1.0,42.0,68773.0,173,Outdoors,Fieldturf ,ATL,Deferred,,,72.0,55.0,9.0,https://www.pro-football-reference.com/boxscores/202209250sea.htm
2022,2022-09-25,GJizlkzQFaqGA,Arizona,Cardinals,ARI,u98I1lDKQBwZ0,Los Angeles,Rams,LA,3.5,-3.5,48.5,63243.0,181,Retractable roof (closed),Grass ,LA,Deferred,,,,,,https://www.pro-football-reference.com/boxscores/202209250crd.htm
2022,2022-09-25,QMAZH1v922YLu,Tampa Bay,Buccaneers,TB,D5QY6bOxfn8ZL,Green Bay,Packers,GB,-1.0,1.0,42.0,,180,Outdoors,Grass ,TB,Accepted,,,89.0,54.0,7.0,https://www.pro-football-reference.com/boxscores/202209250tam.htm
2022,2022-09-25,6DclFuycdPaOB,Denver,Broncos,DEN,IwSI92ZDKoazn,San Francisco,49ers,SF,1.5,-1.5,44.5,77021.0,185,Outdoors,Grass ,SF,Accepted,,,72.0,27.0,7.0,https://www.pro-football-reference.com/boxscores/202209250den.htm
2022,2022-09-26,n8CuHV9wbYCqF,New York,Giants,NYG,KdjU81i7YSFE7,Dallas,Cowboys,DAL,-1.0,1.0,39.0,79445.0,191,Outdoors,Fieldturf ,NYG,Deferred,,,70.0,42.0,2.0,https://www.pro-football-reference.com/boxscores/202209260nyg.htm
2022,2022-09-29,22ZdibiqvfA2D,Cincinnati,Bengals,CIN,mfbu6O5aMHbJg,Miami,Dolphins,MIA,-3.5,3.5,47.5,67260.0,186,Outdoors,Fieldturf ,CIN,Accepted,,,63.0,54.0,12.0,https://www.pro-football-reference.com/boxscores/202209290cin.htm
2022,2022-10-02,CI5mhfNa0Zqd2,New Orleans,Saints,NO,AzOs5UWsXusSW,Minnesota,Vikings,MIN,3.5,-3.5,42.0,60639.0,182,Outdoors,Grass,NO,Deferred,,,64.0,49.0,8.0,https://www.pro-football-reference.com/boxscores/202210020nor.htm
2022,2022-10-02,mLspw4gJNTQGN,Atlanta,Falcons,ATL,IR4gIYmh269EI,Cleveland,Browns,CLE,1.0,-1.0,47.5,69435.0,167,Retractable roof (open),Fieldturf,ATL,Deferred,,,,,,https://www.pro-football-reference.com/boxscores/202210020atl.htm
2022,2022-10-02,zyhFXj1nywrm1,Baltimore,Ravens,BAL,3VqeLK0LS9rpw,Buffalo,Bills,BUF,3.0,-3.0,51.0,70494.0,182,Outdoors,Grass,BUF,Accepted,,,58.0,78.0,2.0,https://www.pro-football-reference.com/boxscores/202210020rav.htm
2022,2022-10-02,n8CuHV9wbYCqF,New York,Giants,NYG,1vVmWGzUZ1rea,Chicago,Bears,CHI,-3.0,3.0,39.0,74044.0,179,Outdoors,Fieldturf ,NYG,Accepted,,,59.0,63.0,15.0,https://www.pro-football-reference.com/boxscores/202210020nyg.htm
2022,2022-10-02,LJmHetie5VbbO,Indianapolis,Colts,IND,ltMyRE3yvVUaw,Tennessee,Titans,TEN,-3.5,3.5,43.0,65781.0,169,Retractable roof (open),Fieldturf ,TEN,Deferred,,,,,,https://www.pro-football-reference.com/boxscores/202210020clt.htm
2022,2022-10-02,KdjU81i7YSFE7,Dallas,Cowboys,DAL,9JtBk8kFeaGEs,Washington,Football Team,WAS,-3.0,3.0,41.5,92946.0,188,Retractable roof (closed),Matrixturf,WAS,Deferred,,,,,,https://www.pro-football-reference.com/boxscores/202210020dal.htm
2022,2022-10-02,FCuH1wdksA2DQ,Detroit,Lions,DET,4M8AK5p0WXs1N,Seattle,Seahawks,SEA,-3.5,3.5,48.0,63920.0,209,Dome,Fieldturf ,DET,Deferred,,,,,,https://www.pro-football-reference.com/boxscores/202210020det.htm
2022,2022-10-02,UI0Ax4HUEXFh6,Houston,Texans,HOU,SjaMbkmeizJD4,Los Angeles,Chargers,LAC,6.0,-6.0,45.0,69071.0,180,Retractable roof (closed),Astroturf,LAC,Deferred,,,,,,https://www.pro-football-reference.com/boxscores/202210020htx.htm
2022,2022-10-02,hjjmgzxilGWdr,Philadelphia,Eagles,PHI,RtOjnciWkJPaL,Jacksonville,Jaguars,JAC,-6.5,6.5,45.5,69879.0,176,Outdoors,Grass ,PHI,Deferred,,,57.0,93.0,11.0,https://www.pro-football-reference.com/boxscores/202210020phi.htm
2022,2022-10-02,SlVgURDFI7EXX,Pittsburgh,Steelers,PIT,mexvMWO2v1hWn,New York,Jets,NYJ,-3.5,3.5,41.5,66578.0,193,Outdoors,Grass ,NYJ,Deferred,,,57.0,77.0,7.0,https://www.pro-football-reference.com/boxscores/202210020pit.htm
2022,2022-10-02,jJBGuksuDJF5L,Carolina,Panthers,CAR,GJizlkzQFaqGA,Arizona,Cardinals,ARI,-1.0,1.0,43.5,69810.0,187,Outdoors,Grass ,CAR,Deferred,,,66.0,59.0,15.0,https://www.pro-football-reference.com/boxscores/202210020car.htm
2022,2022-10-02,LZoDld8s63xUs,Las Vegas,Raiders,LV,6DclFuycdPaOB,Denver,Broncos,DEN,-2.5,2.5,45.5,62332.0,189,Dome,Grass,LV,Accepted,,,,,,https://www.pro-football-reference.com/boxscores/202210020rai.htm
2022,2022-10-02,D5QY6bOxfn8ZL,Green Bay,Packers,GB,VkxV91RtzHn65,New England,Patriots,NE,-9.5,9.5,40.0,78317.0,201,Outdoors,Grass ,GB,Deferred,GB,Accepted,66.0,59.0,9.0,https://www.pro-football-reference.com/boxscores/202210020gnb.htm
2022,2022-10-02,QMAZH1v922YLu,Tampa Bay,Buccaneers,TB,oiGiwWPf0UqMC,Kansas City,Chiefs,KC,-1.0,1.0,46.0,68348.0,189,Outdoors,Grass ,KC,Deferred,,,75.0,64.0,2.0,https://www.pro-football-reference.com/boxscores/202210020tam.htm
2022,2022-10-03,IwSI92ZDKoazn,San Francisco,49ers,SF,u98I1lDKQBwZ0,Los Angeles,Rams,LA,-1.5,1.5,42.5,71597.0,167,Outdoors,Grass,SF,Deferred,,,73.0,53.0,13.0,https://www.pro-football-reference.com/boxscores/202210030sfo.htm
2022,2022-10-06,6DclFuycdPaOB,Denver,Broncos,DEN,LJmHetie5VbbO,Indianapolis,Colts,IND,-3.0,3.0,42.0,76667.0,210,Outdoors,Grass ,DEN,Deferred,IND,Accepted,71.0,23.0,9.0,https://www.pro-football-reference.com/boxscores/202210060den.htm
2022,2022-10-09,D5QY6bOxfn8ZL,Green Bay,Packers,GB,n8CuHV9wbYCqF,New York,Giants,NYG,-8.0,8.0,41.5,61024.0,179,Outdoors,Grass,NYG,Deferred,,,64.0,42.0,9.0,https://www.pro-football-reference.com/boxscores/202210090gnb.htm
2022,2022-10-09,QMAZH1v922YLu,Tampa Bay,Buccaneers,TB,mLspw4gJNTQGN,Atlanta,Falcons,ATL,-10.0,10.0,46.5,68299.0,184,Outdoors,Grass ,ATL,Deferred,,,82.0,58.0,8.0,https://www.pro-football-reference.com/boxscores/202210090tam.htm
2022,2022-10-09,3VqeLK0LS9rpw,Buffalo,Bills,BUF,SlVgURDFI7EXX,Pittsburgh,Steelers,PIT,-14.0,14.0,45.5,70764.0,190,Outdoors,A_turf,PIT,Deferred,,,59.0,47.0,13.0,https://www.pro-football-reference.com/boxscores/202210090buf.htm
2022,2022-10-09,AzOs5UWsXusSW,Minnesota,Vikings,MIN,1vVmWGzUZ1rea,Chicago,Bears,CHI,-7.5,7.5,44.0,66929.0,172,Dome,Sportturf,CHI,Deferred,,,,,,https://www.pro-football-reference.com/boxscores/202210090min.htm
2022,2022-10-09,IR4gIYmh269EI,Cleveland,Browns,CLE,SjaMbkmeizJD4,Los Angeles,Chargers,LAC,1.0,-1.0,47.0,67431.0,181,Outdoors,Grass ,LAC,Deferred,,,58.0,47.0,16.0,https://www.pro-football-reference.com/boxscores/202210090cle.htm
2022,2022-10-09,VkxV91RtzHn65,New England,Patriots,NE,FCuH1wdksA2DQ,Detroit,Lions,DET,-3.0,3.0,45.5,65878.0,175,Outdoors,Fieldturf ,NE,Deferred,,,60.0,42.0,13.0,https://www.pro-football-reference.com/boxscores/202210090nwe.htm
2022,2022-10-09,RtOjnciWkJPaL,Jacksonville,Jaguars,JAC,UI0Ax4HUEXFh6,Houston,Texans,HOU,-7.0,7.0,43.5,60018.0,178,Outdoors,Grass ,JAC,Accepted,,,87.0,59.0,11.0,https://www.pro-football-reference.com/boxscores/202210090jax.htm
2022,2022-10-09,mexvMWO2v1hWn,New York,Jets,NYJ,mfbu6O5aMHbJg,Miami,Dolphins,MIA,3.5,-3.5,45.0,82500.0,189,Outdoors,Fieldturf ,MIA,Deferred,,,57.0,47.0,15.0,https://www.pro-football-reference.com/boxscores/202210090nyj.htm
2022,2022-10-09,CI5mhfNa0Zqd2,New Orleans,Saints,NO,4M8AK5p0WXs1N,Seattle,Seahawks,SEA,-5.0,5.0,45.0,70003.0,200,Dome,Sportturf,SEA,Deferred,,,,,,https://www.pro-football-reference.com/boxscores/202210090nor.htm
2022,2022-10-09,9JtBk8kFeaGEs,Washington,Football Team,WAS,ltMyRE3yvVUaw,Tennessee,Titans,TEN,2.0,-2.0,43.0,51836.0,192,Outdoors,Grass ,WAS,Deferred,,,59.0,36.0,11.0,https://www.pro-football-reference.com/boxscores/202210090was.htm
2022,2022-10-09,jJBGuksuDJF5L,Carolina,Panthers,CAR,IwSI92ZDKoazn,San Francisco,49ers,SF,6.5,-6.5,39.5,72321.0,187,Outdoors,Grass ,SF,Accepted,,,66.0,43.0,2.0,https://www.pro-football-reference.com/boxscores/202210090car.htm
2022,2022-10-09,GJizlkzQFaqGA,Arizona,Cardinals,ARI,hjjmgzxilGWdr,Philadelphia,Eagles,PHI,5.0,-5.0,49.0,63919.0,173,Retractable roof (closed),Grass ,PHI,Deferred,,,,,,https://www.pro-football-reference.com/boxscores/202210090crd.htm
2022,2022-10-09,u98I1lDKQBwZ0,Los Angeles,Rams,LA,KdjU81i7YSFE7,Dallas,Cowboys,DAL,-5.5,5.5,42.0,74154.0,176,Dome,Matrixturf,DAL,Deferred,,,,,,https://www.pro-football-reference.com/boxscores/202210090ram.htm
2022,2022-10-09,zyhFXj1nywrm1,Baltimore,Ravens,BAL,22ZdibiqvfA2D,Cincinnati,Bengals,CIN,-3.5,3.5,47.5,70548.0,177,Outdoors,Grass,CIN,Accepted,,,52.0,71.0,2.0,https://www.pro-football-reference.com/boxscores/202210090rav.htm
2022,2022-10-10,oiGiwWPf0UqMC,Kansas City,Chiefs,KC,LZoDld8s63xUs,Las Vegas,Raiders,LV,-7.0,7.0,51.5,,188,Outdoors,Grass ,KC,Deferred,,,77.0,37.0,4.0,https://www.pro-football-reference.com/boxscores/202210100kan.htm
2022,2022-10-13,1vVmWGzUZ1rea,Chicago,Bears,CHI,9JtBk8kFeaGEs,Washington,Football Team,WAS,1.0,-1.0,38.0,61873.0,171,Outdoors,Grass ,WAS,Deferred,,,48.0,46.0,11.0,https://www.pro-football-reference.com/boxscores/202210130chi.htm
2022,2022-10-16,mLspw4gJNTQGN,Atlanta,Falcons,ATL,IwSI92ZDKoazn,San Francisco,49ers,SF,4.5,-4.5,45.0,69813.0,171,Retractable roof (open),Fieldturf,SF,Deferred,,,,,,https://www.pro-football-reference.com/boxscores/202210160atl.htm
2022,2022-10-16,CI5mhfNa0Zqd2,New Orleans,Saints,NO,22ZdibiqvfA2D,Cincinnati,Bengals,CIN,3.0,-3.0,43.0,70004.0,178,Dome,Sportturf,NO,Deferred,,,,,,https://www.pro-football-reference.com/boxscores/202210160nor.htm
2022,2022-10-16,IR4gIYmh269EI,Cleveland,Browns,CLE,VkxV91RtzHn65,New England,Patriots,NE,-2.5,2.5,43.0,67431.0,202,Outdoors,Grass ,NE,Deferred,,,57.0,47.0,7.0,https://www.pro-football-reference.com/boxscores/202210160cle.htm
2022,2022-10-16,LJmHetie5VbbO,Indianapolis,Colts,IND,RtOjnciWkJPaL,Jacksonville,Jaguars,JAC,-1.5,1.5,41.0,65749.0,184,Retractable roof (open),Fieldturf ,JAC,Deferred,,,,,,https://www.pro-football-reference.com/boxscores/202210160clt.htm
2022,2022-10-16,D5QY6bOxfn8ZL,Green Bay,Packers,GB,mexvMWO2v1hWn,New York,Jets,NYJ,-7.5,7.5,45.0,78343.0,185,Outdoors,Grass ,NYJ,Deferred,,,49.0,66.0,7.0,https://www.pro-football-reference.com/boxscores/202210160gnb.htm
2022,2022-10-16,mfbu6O5aMHbJg,Miami,Dolphins,MIA,AzOs5UWsXusSW,Minnesota,Vikings,MIN,3.0,-3.0,45.5,66100.0,187,Outdoors,Grass ,MIA,Deferred,,,85.0,65.0,13.0,https://www.pro-football-reference.com/boxscores/202210160mia.htm
2022,2022-10-16,n8CuHV9wbYCqF,New York,Giants,NYG,zyhFXj1nywrm1,Baltimore,Ravens,BAL,5.5,-5.5,45.5,78019.0,182,Outdoors,Fieldturf ,NYG,Deferred,,,61.0,52.0,4.0,https://www.pro-football-reference.com/boxscores/202210160nyg.htm
2022,2022-10-16,SlVgURDFI7EXX,Pittsburgh,Steelers,PIT,QMAZH1v922YLu,Tampa Bay,Buccaneers,TB,9.5,-9.5,46.0,67307.0,185,Outdoors,Grass ,PIT,Deferred,,,58.0,37.0,12.0,https://www.pro-football-reference.com/boxscores/202210160pit.htm
2022,2022-10-16,u98I1lDKQBwZ0,Los Angeles,Rams,LA,jJBGuksuDJF5L,Carolina,Panthers,CAR,-10.0,10.0,41.5,71482.0,178,Dome,Matrixturf,LA,Deferred,,,,,,https://www.pro-football-reference.com/boxscores/202210160ram.htm
2022,2022-10-16,4M8AK5p0WXs1N,Seattle,Seahawks,SEA,GJizlkzQFaqGA,Arizona,Cardinals,ARI,2.5,-2.5,50.5,68867.0,188,Outdoors,Fieldturf ,SEA,Deferred,,,80.0,29.0,6.0,https://www.pro-football-reference.com/boxscores/202210160sea.htm
2022,2022-10-16,oiGiwWPf0UqMC,Kansas City,Chiefs,KC,3VqeLK0LS9rpw,Buffalo,Bills,BUF,2.5,-2.5,54.0,73586.0,190,Outdoors,Grass ,KC,Deferred,,,64.0,37.0,12.0,https://www.pro-football-reference.com/boxscores/202210160kan.htm
2022,2022-10-16,hjjmgzxilGWdr,Philadelphia,Eagles,PHI,KdjU81i7YSFE7,Dallas,Cowboys,DAL,-6.5,6.5,42.0,69879.0,183,Outdoors,Grass ,PHI,Deferred,,,61.0,58.0,2.0,https://www.pro-football-reference.com/boxscores/202210160phi.htm
2022,2022-10-17,SjaMbkmeizJD4,Los Angeles,Chargers,LAC,6DclFuycdPaOB,Denver,Broncos,DEN,-4.5,4.5,45.5,70240.0,199,Dome,Matrixturf,DEN,Deferred,DEN,Accepted,,,,https://www.pro-football-reference.com/boxscores/202210170sdg.htm
2022,2022-10-20,GJizlkzQFaqGA,Arizona,Cardinals,ARI,CI5mhfNa0Zqd2,New Orleans,Saints,NO,-2.5,2.5,44.0,63290.0,197,Retractable roof (open),Grass ,NO,Accepted,,,,,,https://www.pro-football-reference.com/boxscores/202210200crd.htm
2022,2022-10-23,22ZdibiqvfA2D,Cincinnati,Bengals,CIN,mLspw4gJNTQGN,Atlanta,Falcons,ATL,-6.5,6.5,47.0,66158.0,169,Outdoors,Fieldturf ,ATL,Deferred,,,72.0,46.0,11.0,https://www.pro-football-reference.com/boxscores/202210230cin.htm
2022,2022-10-23,jJBGuksuDJF5L,Carolina,Panthers,CAR,QMAZH1v922YLu,Tampa Bay,Buccaneers,TB,13.0,-13.0,39.5,71941.0,164,Outdoors,Grass ,TB,Accepted,,,66.0,46.0,6.0,https://www.pro-football-reference.com/boxscores/202210230car.htm
2022,2022-10-23,zyhFXj1nywrm1,Baltimore,Ravens,BAL,IR4gIYmh269EI,Cleveland,Browns,CLE,-6.5,6.5,45.5,70461.0,175,Outdoors,Grass,BAL,Deferred,,,63.0,63.0,4.0,https://www.pro-football-reference.com/boxscores/202210230rav.htm
2022,2022-10-23,ltMyRE3yvVUaw,Tennessee,Titans,TEN,LJmHetie5VbbO,Indianapolis,Colts,IND,-2.5,2.5,41.5,69459.0,171,Outdoors,Grass ,IND,Deferred,,,73.0,34.0,13.0,https://www.pro-football-reference.com/boxscores/202210230oti.htm
2022,2022-10-23,KdjU81i7YSFE7,Dallas,Cowboys,DAL,FCuH1wdksA2DQ,Detroit,Lions,DET,-6.5,6.5,49.0,93487.0,168,Retractable roof (closed),Matrixturf,DAL,Accepted,,,,,,https://www.pro-football-reference.com/boxscores/202210230dal.htm
2022,2022-10-23,9JtBk8kFeaGEs,Washington,Football Team,WAS,D5QY6bOxfn8ZL,Green Bay,Packers,GB,4.5,-4.5,41.5,60427.0,201,Outdoors,Grass ,WAS,Deferred,,,59.0,83.0,9.0,https://www.pro-football-reference.com/boxscores/202210230was.htm
2022,2022-10-23,RtOjnciWkJPaL,Jacksonville,Jaguars,JAC,n8CuHV9wbYCqF,New York,Giants,NYG,-3.0,3.0,43.5,65664.0,209,Outdoors,Grass ,JAC,Deferred,,,74.0,62.0,7.0,https://www.pro-football-reference.com/boxscores/202210230jax.htm
2022,2022-10-23,LZoDld8s63xUs,Las Vegas,Raiders,LV,UI0Ax4HUEXFh6,Houston,Texans,HOU,-7.0,7.0,46.0,61228.0,170,Dome,Grass,HOU,Deferred,,,,,,https://www.pro-football-reference.com/boxscores/202210230rai.htm
2022,2022-10-23,6DclFuycdPaOB,Denver,Broncos,DEN,mexvMWO2v1hWn,New York,Jets,NYJ,1.5,-1.5,37.0,76624.0,198,Outdoors,Grass ,DEN,Deferred,,,63.0,27.0,29.0,https://www.pro-football-reference.com/boxscores/202210230den.htm
2022,2022-10-23,IwSI92ZDKoazn,San Francisco,49ers,SF,oiGiwWPf0UqMC,Kansas City,Chiefs,KC,1.0,-1.0,49.0,71746.0,185,Outdoors,Grass,SF,Accepted,,,66.0,32.0,12.0,https://www.pro-football-reference.com/boxscores/202210230sfo.htm
2022,2022-10-23,SjaMbkmeizJD4,Los Angeles,Chargers,LAC,4M8AK5p0WXs1N,Seattle,Seahawks,SEA,-4.5,4.5,50.5,70240.0,199,Dome,Matrixturf,LAC,Deferred,,,,,,https://www.pro-football-reference.com/boxscores/202210230sdg.htm
2022,2022-10-23,mfbu6O5aMHbJg,Miami,Dolphins,MIA,SlVgURDFI7EXX,Pittsburgh,Steelers,PIT,-7.5,7.5,44.5,66224.0,180,Outdoors,Grass ,MIA,Accepted,,,78.0,69.0,7.0,https://www.pro-football-reference.com/boxscores/202210230mia.htm
2022,2022-10-24,VkxV91RtzHn65,New England,Patriots,NE,1vVmWGzUZ1rea,Chicago,Bears,CHI,-8.5,8.5,40.5,65878.0,175,Outdoors,Fieldturf ,CHI,Deferred,,,56.0,93.0,11.0,https://www.pro-football-reference.com/boxscores/202210240nwe.htm
2022,2022-10-27,QMAZH1v922YLu,Tampa Bay,Buccaneers,TB,zyhFXj1nywrm1,Baltimore,Ravens,BAL,-1.5,1.5,45.5,68912.0,188,Outdoors,Grass ,TB,Deferred,,,76.0,91.0,4.0,https://www.pro-football-reference.com/boxscores/202210270tam.htm
2022,2022-10-30,RtOjnciWkJPaL,Jacksonville,Jaguars,JAC,6DclFuycdPaOB,Denver,Broncos,DEN,-2.0,2.0,40.5,86215.0,178,Outdoors,Grass ,JAC,Deferred,,,61.0,77.0,9.0,https://www.pro-football-reference.com/boxscores/202210300jax.htm
2022,2022-10-30,FCuH1wdksA2DQ,Detroit,Lions,DET,mfbu6O5aMHbJg,Miami,Dolphins,MIA,3.5,-3.5,51.5,61447.0,170,Dome,Fieldturf ,MIA,Deferred,,,,,,https://www.pro-football-reference.com/boxscores/202210300det.htm
2022,2022-10-30,hjjmgzxilGWdr,Philadelphia,Eagles,PHI,SlVgURDFI7EXX,Pittsburgh,Steelers,PIT,-10.5,10.5,43.0,69879.0,174,Outdoors,Grass ,PHI,Deferred,,,60.0,47.0,2.0,https://www.pro-football-reference.com/boxscores/202210300phi.htm
2022,2022-10-30,mLspw4gJNTQGN,Atlanta,Falcons,ATL,jJBGuksuDJF5L,Carolina,Panthers,CAR,-4.0,4.0,41.0,68996.0,219,Retractable roof (closed),Fieldturf,CAR,Deferred,ATL,Accepted,,,,https://www.pro-football-reference.com/boxscores/202210300atl.htm
2022,2022-10-30,KdjU81i7YSFE7,Dallas,Cowboys,DAL,1vVmWGzUZ1rea,Chicago,Bears,CHI,-10.0,10.0,42.5,93767.0,187,Retractable roof (open),Matrixturf,CHI,Deferred,,,,,,https://www.pro-football-reference.com/boxscores/202210300dal.htm
2022,2022-10-30,AzOs5UWsXusSW,Minnesota,Vikings,MIN,GJizlkzQFaqGA,Arizona,Cardinals,ARI,-3.5,3.5,48.5,66742.0,206,Dome,Sportturf,ARI,Deferred,,,,,,https://www.pro-football-reference.com/boxscores/202210300min.htm
2022,2022-10-30,CI5mhfNa0Zqd2,New Orleans,Saints,NO,LZoDld8s63xUs,Las Vegas,Raiders,LV,1.5,-1.5,49.5,70009.0,166,Dome,Sportturf,NO,Deferred,,,,,,https://www.pro-football-reference.com/boxscores/202210300nor.htm
2022,2022-10-30,mexvMWO2v1hWn,New York,Jets,NYJ,VkxV91RtzHn65,New England,Patriots,NE,2.5,-2.5,40.0,82823.0,181,Outdoors,Fieldturf ,NE,Deferred,,,57.0,39.0,2.0,https://www.pro-football-reference.com/boxscores/202210300nyj.htm
2022,2022-10-30,UI0Ax4HUEXFh6,Houston,Texans,HOU,ltMyRE3yvVUaw,Tennessee,Titans,TEN,3.5,-3.5,39.0,68467.0,171,Retractable roof (closed),Astroturf,HOU,Deferred,,,,,,https://www.pro-football-reference.com/boxscores/202210300htx.htm
2022,2022-10-30,u98I1lDKQBwZ0,Los Angeles,Rams,LA,IwSI92ZDKoazn,San Francisco,49ers,SF,-2.5,2.5,42.0,73505.0,165,Dome,Matrixturf,SF,Deferred,,,,,,https://www.pro-football-reference.com/boxscores/202210300ram.htm
2022,2022-10-30,LJmHetie5VbbO,Indianapolis,Colts,IND,9JtBk8kFeaGEs,Washington,Football Team,WAS,-3.0,3.0,39.5,65515.0,170,Retractable roof (closed),Fieldturf ,WAS,Deferred,,,,,,https://www.pro-football-reference.com/boxscores/202210300clt.htm
2022,2022-10-30,4M8AK5p0WXs1N,Seattle,Seahawks,SEA,n8CuHV9wbYCqF,New York,Giants,NYG,-3.0,3.0,44.5,68921.0,181,Outdoors,Fieldturf ,NYG,Deferred,,,54.0,83.0,8.0,https://www.pro-football-reference.com/boxscores/202210300sea.htm
2022,2022-10-30,3VqeLK0LS9rpw,Buffalo,Bills,BUF,D5QY6bOxfn8ZL,Green Bay,Packers,GB,-10.5,10.5,47.0,70863.0,184,Outdoors,A_turf,GB,Deferred,,,54.0,47.0,4.0,https://www.pro-football-reference.com/boxscores/202210300buf.htm
2022,2022-10-31,IR4gIYmh269EI,Cleveland,Browns,CLE,22ZdibiqvfA2D,Cincinnati,Bengals,CIN,3.0,-3.0,45.0,67431.0,172,Outdoors,Grass ,CLE,Deferred,,,66.0,68.0,9.0,https://www.pro-football-reference.com/boxscores/202210310cle.htm
2022,2022-11-03,UI0Ax4HUEXFh6,Houston,Texans,HOU,hjjmgzxilGWdr,Philadelphia,Eagles,PHI,13.5,-13.5,45.5,68831.0,170,Retractable roof (closed),Astroturf,PHI,Deferred,,,,,,https://www.pro-football-reference.com/boxscores/202211030htx.htm
2022,2022-11-06,mexvMWO2v1hWn,New York,Jets,NYJ,3VqeLK0LS9rpw,Buffalo,Bills,BUF,11.0,-11.0,46.0,83135.0,184,Outdoors,Fieldturf ,NYJ,Deferred,,,69.0,81.0,17.0,https://www.pro-football-reference.com/boxscores/202211060nyj.htm
2022,2022-11-06,FCuH1wdksA2DQ,Detroit,Lions,DET,D5QY6bOxfn8ZL,Green Bay,Packers,GB,3.5,-3.5,49.5,63379.0,187,Dome,Fieldturf ,GB,Deferred,,,,,,https://www.pro-football-reference.com/boxscores/202211060det.htm
2022,2022-11-06,9JtBk8kFeaGEs,Washington,Football Team,WAS,AzOs5UWsXusSW,Minnesota,Vikings,MIN,3.0,-3.0,43.5,58651.0,188,Outdoors,Grass ,WAS,Deferred,,,71.0,79.0,11.0,https://www.pro-football-reference.com/boxscores/202211060was.htm
2022,2022-11-06,mLspw4gJNTQGN,Atlanta,Falcons,ATL,SjaMbkmeizJD4,Los Angeles,Chargers,LAC,3.0,-3.0,49.5,69299.0,175,Retractable roof (open),Fieldturf,LAC,Deferred,,,,,,https://www.pro-football-reference.com/boxscores/202211060atl.htm
2022,2022-11-06,22ZdibiqvfA2D,Cincinnati,Bengals,CIN,jJBGuksuDJF5L,Carolina,Panthers,CAR,-7.0,7.0,42.5,66160.0,174,Outdoors,Fieldturf ,CAR,Deferred,,,68.0,57.0,11.0,https://www.pro-football-reference.com/boxscores/202211060cin.htm
2022,2022-11-06,1vVmWGzUZ1rea,Chicago,Bears,CHI,mfbu6O5aMHbJg,Miami,Dolphins,MIA,4.0,-4.0,45.5,62377.0,179,Outdoors,Grass ,MIA,Deferred,,,58.0,55.0,17.0,https://www.pro-football-reference.com/boxscores/202211060chi.htm
2022,2022-11-06,VkxV91RtzHn65,New England,Patriots,NE,LJmHetie5VbbO,Indianapolis,Colts,IND,-5.0,5.0,40.5,65878.0,180,Outdoors,Fieldturf ,IND,Deferred,,,78.0,56.0,13.0,https://www.pro-football-reference.com/boxscores/202211060nwe.htm
2022,2022-11-06,RtOjnciWkJPaL,Jacksonville,Jaguars,JAC,LZoDld8s63xUs,Las Vegas,Raiders,LV,2.5,-2.5,48.0,62758.0,187,Outdoors,Grass ,JAC,Deferred,,,81.0,72.0,14.0,https://www.pro-football-reference.com/boxscores/202211060jax.htm
2022,2022-11-06,GJizlkzQFaqGA,Arizona,Cardinals,ARI,4M8AK5p0WXs1N,Seattle,Seahawks,SEA,-2.0,2.0,49.0,63982.0,184,Retractable roof (open),Grass ,ARI,Deferred,,,,,,https://www.pro-football-reference.com/boxscores/202211060crd.htm
2022,2022-11-06,QMAZH1v922YLu,Tampa Bay,Buccaneers,TB,u98I1lDKQBwZ0,Los Angeles,Rams,LA,-3.0,3.0,42.5,69019.0,183,Outdoors,Grass ,TB,Deferred,,,88.0,57.0,2.0,https://www.pro-football-reference.com/boxscores/202211060tam.htm
2022,2022-11-06,oiGiwWPf0UqMC,Kansas City,Chiefs,KC,ltMyRE3yvVUaw,Tennessee,Titans,TEN,-12.5,12.5,45.5,73475.0,209,Outdoors,Grass ,TEN,Deferred,KC,Accepted,54.0,61.0,7.0,https://www.pro-football-reference.com/boxscores/202211060kan.htm
2022,2022-11-07,CI5mhfNa0Zqd2,New Orleans,Saints,NO,zyhFXj1nywrm1,Baltimore,Ravens,BAL,1.5,-1.5,46.5,70010.0,172,Dome,Sportturf,BAL,Deferred,,,,,,https://www.pro-football-reference.com/boxscores/202211070nor.htm
2022,2022-11-10,jJBGuksuDJF5L,Carolina,Panthers,CAR,mLspw4gJNTQGN,Atlanta,Falcons,ATL,2.5,-2.5,41.5,72029.0,180,Outdoors,Grass ,ATL,Accepted,,,61.0,88.0,12.0,https://www.pro-football-reference.com/boxscores/202211100car.htm
2022,2022-11-13,QMAZH1v922YLu,Tampa Bay,Buccaneers,TB,4M8AK5p0WXs1N,Seattle,Seahawks,SEA,-2.5,2.5,45.0,69811.0,168,Outdoors,Grass,SEA,Deferred,,,54.0,71.0,9.0,https://www.pro-football-reference.com/boxscores/202211130tam.htm
2022,2022-11-13,3VqeLK0LS9rpw,Buffalo,Bills,BUF,AzOs5UWsXusSW,Minnesota,Vikings,MIN,-6.5,6.5,44.5,70844.0,226,Outdoors,A_turf,MIN,Deferred,MIN,Accepted,38.0,85.0,11.0,https://www.pro-football-reference.com/boxscores/202211130buf.htm
2022,2022-11-13,mfbu6O5aMHbJg,Miami,Dolphins,MIA,IR4gIYmh269EI,Cleveland,Browns,CLE,-3.5,3.5,49.5,66563.0,174,Outdoors,Grass ,MIA,Deferred,,,85.0,48.0,7.0,https://www.pro-football-reference.com/boxscores/202211130mia.htm
2022,2022-11-13,ltMyRE3yvVUaw,Tennessee,Titans,TEN,6DclFuycdPaOB,Denver,Broncos,DEN,-2.5,2.5,39.0,69240.0,200,Outdoors,Grass ,DEN,Deferred,,,36.0,48.0,9.0,https://www.pro-football-reference.com/boxscores/202211130oti.htm
2022,2022-11-13,n8CuHV9wbYCqF,New York,Giants,NYG,UI0Ax4HUEXFh6,Houston,Texans,HOU,-4.5,4.5,41.0,71615.0,192,Outdoors,Fieldturf ,NYG,Deferred,,,50.0,58.0,15.0,https://www.pro-football-reference.com/boxscores/202211130nyg.htm
2022,2022-11-13,1vVmWGzUZ1rea,Chicago,Bears,CHI,FCuH1wdksA2DQ,Detroit,Lions,DET,-2.5,2.5,48.5,61817.0,177,Outdoors,Grass ,DET,Deferred,,,34.0,45.0,13.0,https://www.pro-football-reference.com/boxscores/202211130chi.htm
2022,2022-11-13,oiGiwWPf0UqMC,Kansas City,Chiefs,KC,RtOjnciWkJPaL,Jacksonville,Jaguars,JAC,-9.0,9.0,51.0,73493.0,178,Outdoors,Grass ,KC,Accepted,,,33.0,56.0,7.0,https://www.pro-football-reference.com/boxscores/202211130kan.htm
2022,2022-11-13,SlVgURDFI7EXX,Pittsburgh,Steelers,PIT,CI5mhfNa0Zqd2,New Orleans,Saints,NO,1.0,-1.0,40.0,66544.0,170,Outdoors,Grass ,NO,Deferred,,,37.0,65.0,15.0,https://www.pro-football-reference.com/boxscores/202211130pit.htm
2022,2022-11-13,LZoDld8s63xUs,Las Vegas,Raiders,LV,LJmHetie5VbbO,Indianapolis,Colts,IND,-4.0,4.0,41.0,62197.0,182,Dome,Grass,IND,Deferred,,,,,,https://www.pro-football-reference.com/boxscores/202211130rai.htm
2022,2022-11-13,D5QY6bOxfn8ZL,Green Bay,Packers,GB,KdjU81i7YSFE7,Dallas,Cowboys,DAL,4.0,-4.0,44.5,78433.0,208,Outdoors,Grass ,GB,Deferred,DAL,Accepted,33.0,53.0,8.0,https://www.pro-football-reference.com/boxscores/202211130gnb.htm
2022,2022-11-13,u98I1lDKQBwZ0,Los Angeles,Rams,LA,GJizlkzQFaqGA,Arizona,Cardinals,ARI,-2.5,2.5,39.5,71752.0,180,Dome,Matrixturf,ARI,Deferred,,,,,,https://www.pro-football-reference.com/boxscores/202211130ram.htm
2022,2022-11-13,IwSI92ZDKoazn,San Francisco,49ers,SF,SjaMbkmeizJD4,Los Angeles,Chargers,LAC,-7.5,7.5,45.0,71709.0,179,Outdoors,Grass,SF,Deferred,,,57.0,38.0,6.0,https://www.pro-football-reference.com/boxscores/202211130sfo.htm
2022,2022-11-14,hjjmgzxilGWdr,Philadelphia,Eagles,PHI,9JtBk8kFeaGEs,Washington,Football Team,WAS,-10.5,10.5,43.5,69879.0,174,Outdoors,Grass ,PHI,Deferred,,,43.0,45.0,6.0,https://www.pro-football-reference.com/boxscores/202211140phi.htm
2022,2022-11-17,D5QY6bOxfn8ZL,Green Bay,Packers,GB,ltMyRE3yvVUaw,Tennessee,Titans,TEN,-3.0,3.0,41.0,77506.0,182,Outdoors,Grass ,TEN,Accepted,,,25.0,81.0,11.0,https://www.pro-football-reference.com/boxscores/202211170gnb.htm
2022,2022-11-20,3VqeLK0LS9rpw,Buffalo,Bills,BUF,IR4gIYmh269EI,Cleveland,Browns,CLE,-7.5,7.5,50.0,52146.0,195,Dome,Fieldturf ,BUF,Deferred,,,,,,https://www.pro-football-reference.com/boxscores/202211200buf.htm
2022,2022-11-20,n8CuHV9wbYCqF,New York,Giants,NYG,FCuH1wdksA2DQ,Detroit,Lions,DET,-3.0,3.0,44.5,76267.0,186,Outdoors,Fieldturf ,DET,Deferred,,,35.0,30.0,21.0,https://www.pro-football-reference.com/boxscores/202211200nyg.htm
2022,2022-11-20,UI0Ax4HUEXFh6,Houston,Texans,HOU,9JtBk8kFeaGEs,Washington,Football Team,WAS,3.0,-3.0,41.0,65865.0,174,Retractable roof (closed),Astroturf,HOU,Deferred,,,,,,https://www.pro-football-reference.com/boxscores/202211200htx.htm
2022,2022-11-20,VkxV91RtzHn65,New England,Patriots,NE,mexvMWO2v1hWn,New York,Jets,NYJ,-3.5,3.5,38.0,65878.0,179,Outdoors,Fieldturf ,NYJ,Deferred,,,42.0,35.0,2.0,https://www.pro-football-reference.com/boxscores/202211200nwe.htm
2022,2022-11-20,mLspw4gJNTQGN,Atlanta,Falcons,ATL,1vVmWGzUZ1rea,Chicago,Bears,CHI,-2.5,2.5,49.0,69757.0,177,Retractable roof (closed),Fieldturf,CHI,Deferred,,,,,,https://www.pro-football-reference.com/boxscores/202211200atl.htm
2022,2022-11-20,zyhFXj1nywrm1,Baltimore,Ravens,BAL,jJBGuksuDJF5L,Carolina,Panthers,CAR,-13.0,13.0,41.5,70677.0,192,Outdoors,Grass,BAL,Accepted,,,36.0,24.0,2.0,https://www.pro-football-reference.com/boxscores/202211200rav.htm
2022,2022-11-20,LJmHetie5VbbO,Indianapolis,Colts,IND,hjjmgzxilGWdr,Philadelphia,Eagles,PHI,6.5,-6.5,45.5,66241.0,176,Retractable roof (closed),Fieldturf ,PHI,Deferred,,,,,,https://www.pro-football-reference.com/boxscores/202211200clt.htm
2022,2022-11-20,CI5mhfNa0Zqd2,New Orleans,Saints,NO,u98I1lDKQBwZ0,Los Angeles,Rams,LA,-2.5,2.5,39.0,70025.0,175,Dome,Sportturf,NO,Deferred,,,,,,https://www.pro-football-reference.com/boxscores/202211200nor.htm
2022,2022-11-20,6DclFuycdPaOB,Denver,Broncos,DEN,LZoDld8s63xUs,Las Vegas,Raiders,LV,-2.5,2.5,41.0,76056.0,191,Outdoors,Grass ,DEN,Deferred,LV,Accepted,49.0,23.0,11.0,https://www.pro-football-reference.com/boxscores/202211200den.htm
2022,2022-11-20,SlVgURDFI7EXX,Pittsburgh,Steelers,PIT,22ZdibiqvfA2D,Cincinnati,Bengals,CIN,3.5,-3.5,40.0,66401.0,198,Outdoors,Grass ,PIT,Deferred,,,27.0,38.0,12.0,https://www.pro-football-reference.com/boxscores/202211200pit.htm
2022,2022-11-20,AzOs5UWsXusSW,Minnesota,Vikings,MIN,KdjU81i7YSFE7,Dallas,Cowboys,DAL,1.5,-1.5,48.5,65304.0,183,Dome,Sportturf,MIN,Accepted,,,,,,https://www.pro-football-reference.com/boxscores/202211200min.htm
2022,2022-11-20,SjaMbkmeizJD4,Los Angeles,Chargers,LAC,oiGiwWPf0UqMC,Kansas City,Chiefs,KC,5.0,-5.0,52.5,70240.0,178,Dome,Matrixturf,LAC,Deferred,,,,,,https://www.pro-football-reference.com/boxscores/202211200sdg.htm
2022,2022-11-21,GJizlkzQFaqGA,Arizona,Cardinals,ARI,IwSI92ZDKoazn,San Francisco,49ers,SF,8.0,-8.0,43.0,78427.0,179,Outdoors,Grass,SF,Deferred,,,64.0,52.0,4.0,https://www.pro-football-reference.com/boxscores/202211210crd.htm
2022,2022-11-24,FCuH1wdksA2DQ,Detroit,Lions,DET,3VqeLK0LS9rpw,Buffalo,Bills,BUF,9.5,-9.5,54.5,66553.0,194,Dome,Fieldturf ,BUF,Deferred,,,,,,https://www.pro-football-reference.com/boxscores/202211240det.htm
2022,2022-11-24,KdjU81i7YSFE7,Dallas,Cowboys,DAL,n8CuHV9wbYCqF,New York,Giants,NYG,-10.0,10.0,45.5,93568.0,198,Retractable roof (closed),Matrixturf,DAL,Deferred,,,,,,https://www.pro-football-reference.com/boxscores/202211240dal.htm
2022,2022-11-24,AzOs5UWsXusSW,Minnesota,Vikings,MIN,VkxV91RtzHn65,New England,Patriots,NE,-2.5,2.5,42.5,66918.0,180,Dome,Sportturf,NE,Deferred,,,,,,https://www.pro-football-reference.com/boxscores/202211240min.htm
2022,2022-11-27,ltMyRE3yvVUaw,Tennessee,Titans,TEN,22ZdibiqvfA2D,Cincinnati,Bengals,CIN,1.5,-1.5,43.0,69441.0,178,Outdoors,Grass ,TEN,Deferred,,,56.0,62.0,14.0,https://www.pro-football-reference.com/boxscores/202211270oti.htm
2022,2022-11-27,IR4gIYmh269EI,Cleveland,Browns,CLE,QMAZH1v922YLu,Tampa Bay,Buccaneers,TB,3.0,-3.0,42.0,67431.0,205,Outdoors,Grass ,CLE,Accepted,TB,Accepted,56.0,84.0,14.0,https://www.pro-football-reference.com/boxscores/202211270cle.htm
2022,2022-11-27,mfbu6O5aMHbJg,Miami,Dolphins,MIA,UI0Ax4HUEXFh6,Houston,Texans,HOU,-14.0,14.0,47.0,66205.0,183,Outdoors,Grass ,MIA,Deferred,,,84.0,63.0,13.0,https://www.pro-football-reference.com/boxscores/202211270mia.htm
2022,2022-11-27,RtOjnciWkJPaL,Jacksonville,Jaguars,JAC,zyhFXj1nywrm1,Baltimore,Ravens,BAL,3.5,-3.5,43.0,59560.0,195,Outdoors,Grass ,JAC,Deferred,,,77.0,82.0,19.0,https://www.pro-football-reference.com/boxscores/202211270jax.htm
2022,2022-11-27,9JtBk8kFeaGEs,Washington,Football Team,WAS,mLspw4gJNTQGN,Atlanta,Falcons,ATL,-4.0,4.0,40.5,53864.0,167,Outdoors,Grass ,WAS,Deferred,,,46.0,97.0,9.0,https://www.pro-football-reference.com/boxscores/202211270was.htm
2022,2022-11-27,jJBGuksuDJF5L,Carolina,Panthers,CAR,6DclFuycdPaOB,Denver,Broncos,DEN,1.0,-1.0,36.0,70644.0,186,Outdoors,Grass ,DEN,Deferred,,,66.0,94.0,15.0,https://www.pro-football-reference.com/boxscores/202211270car.htm
2022,2022-11-27,mexvMWO2v1hWn,New York,Jets,NYJ,1vVmWGzUZ1rea,Chicago,Bears,CHI,-7.0,7.0,38.5,77963.0,168,Outdoors,Fieldturf ,CHI,Deferred,,,50.0,61.0,9.0,https://www.pro-football-reference.com/boxscores/202211270nyj.htm
2022,2022-11-27,4M8AK5p0WXs1N,Seattle,Seahawks,SEA,LZoDld8s63xUs,Las Vegas,Raiders,LV,-4.0,4.0,47.5,68849.0,210,Outdoors,Fieldturf ,SEA,Deferred,LV,Accepted,44.0,67.0,8.0,https://www.pro-football-reference.com/boxscores/202211270sea.htm
2022,2022-11-27,GJizlkzQFaqGA,Arizona,Cardinals,ARI,SjaMbkmeizJD4,Los Angeles,Chargers,LAC,2.5,-2.5,48.5,63628.0,188,Retractable roof (open),Grass ,ARI,Deferred,,,,,,https://www.pro-football-reference.com/boxscores/202211270crd.htm
2022,2022-11-27,oiGiwWPf0UqMC,Kansas City,Chiefs,KC,u98I1lDKQBwZ0,Los Angeles,Rams,LA,-15.5,15.5,42.0,73557.0,175,Outdoors,Grass ,LA,Deferred,,,44.0,65.0,6.0,https://www.pro-football-reference.com/boxscores/202211270kan.htm
2022,2022-11-27,IwSI92ZDKoazn,San Francisco,49ers,SF,CI5mhfNa0Zqd2,New Orleans,Saints,NO,-9.0,9.0,43.0,71275.0,178,Outdoors,Grass,SF,Deferred,,,59.0,63.0,2.0,https://www.pro-football-reference.com/boxscores/202211270sfo.htm
2022,2022-11-27,hjjmgzxilGWdr,Philadelphia,Eagles,PHI,D5QY6bOxfn8ZL,Green Bay,Packers,GB,-6.5,6.5,46.0,69879.0,189,Outdoors,Grass ,GB,Deferred,,,62.0,86.0,24.0,https://www.pro-football-reference.com/boxscores/202211270phi.htm
2022,2022-11-28,LJmHetie5VbbO,Indianapolis,Colts,IND,SlVgURDFI7EXX,Pittsburgh,Steelers,PIT,-2.5,2.5,39.5,65982.0,178,Retractable roof (closed),Fieldturf ,IND,Deferred,,,,,,https://www.pro-football-reference.com/boxscores/202211280clt.htm
2022,2022-12-01,VkxV91RtzHn65,New England,Patriots,NE,3VqeLK0LS9rpw,Buffalo,Bills,BUF,3.5,-3.5,43.5,65878.0,175,Outdoors,Fieldturf ,BUF,Deferred,,,35.0,57.0,2.0,https://www.pro-football-reference.com/boxscores/202212010nwe.htm
2022,2022-12-04,UI0Ax4HUEXFh6,Houston,Texans,HOU,IR4gIYmh269EI,Cleveland,Browns,CLE,8.0,-8.0,46.5,66523.0,191,Retractable roof (closed),Astroturf,CLE,Deferred,,,,,,https://www.pro-football-reference.com/boxscores/202212040htx.htm
2022,2022-12-04,zyhFXj1nywrm1,Baltimore,Ravens,BAL,6DclFuycdPaOB,Denver,Broncos,DEN,-9.5,9.5,39.5,70443.0,176,Outdoors,Grass,BAL,Deferred,,,63.0,75.0,8.0,https://www.pro-football-reference.com/boxscores/202212040rav.htm
2022,2022-12-04,FCuH1wdksA2DQ,Detroit,Lions,DET,RtOjnciWkJPaL,Jacksonville,Jaguars,JAC,-1.0,1.0,51.0,60743.0,174,Dome,Fieldturf ,DET,Deferred,,,,,,https://www.pro-football-reference.com/boxscores/202212040det.htm
2022,2022-12-04,AzOs5UWsXusSW,Minnesota,Vikings,MIN,mexvMWO2v1hWn,New York,Jets,NYJ,-3.0,3.0,44.5,66973.0,197,Dome,Sportturf,MIN,Deferred,,,,,,https://www.pro-football-reference.com/boxscores/202212040min.htm
2022,2022-12-04,n8CuHV9wbYCqF,New York,Giants,NYG,9JtBk8kFeaGEs,Washington,Football Team,WAS,2.0,-2.0,40.5,76128.0,202,Outdoors,Fieldturf ,WAS,Deferred,NYG,Accepted,40.0,63.0,9.0,https://www.pro-football-reference.com/boxscores/202212040nyg.htm
2022,2022-12-04,hjjmgzxilGWdr,Philadelphia,Eagles,PHI,ltMyRE3yvVUaw,Tennessee,Titans,TEN,-4.0,4.0,44.0,69879.0,189,Outdoors,Grass ,TEN,Deferred,,,60.0,62.0,7.0,https://www.pro-football-reference.com/boxscores/202212040phi.htm
2022,2022-12-04,mLspw4gJNTQGN,Atlanta,Falcons,ATL,SlVgURDFI7EXX,Pittsburgh,Steelers,PIT,-1.0,1.0,43.0,70325.0,172,Retractable roof (closed),Fieldturf,ATL,Deferred,,,,,,https://www.pro-football-reference.com/boxscores/202212040atl.htm
2022,2022-12-04,1vVmWGzUZ1rea,Chicago,Bears,CHI,D5QY6bOxfn8ZL,Green Bay,Packers,GB,4.5,-4.5,45.0,61233.0,175,Outdoors,Grass ,CHI,Accepted,,,38.0,42.0,12.0,https://www.pro-football-reference.com/boxscores/202212040chi.htm
2022,2022-12-04,IwSI92ZDKoazn,San Francisco,49ers,SF,mfbu6O5aMHbJg,Miami,Dolphins,MIA,-4.5,4.5,45.5,71732.0,194,Outdoors,Grass,SF,Deferred,,,38.0,73.0,6.0,https://www.pro-football-reference.com/boxscores/202212040sfo.htm
2022,2022-12-04,u98I1lDKQBwZ0,Los Angeles,Rams,LA,4M8AK5p0WXs1N,Seattle,Seahawks,SEA,7.0,-7.0,41.0,71802.0,183,Dome,Matrixturf,SEA,Deferred,,,,,,https://www.pro-football-reference.com/boxscores/202212040ram.htm
2022,2022-12-04,22ZdibiqvfA2D,Cincinnati,Bengals,CIN,oiGiwWPf0UqMC,Kansas City,Chiefs,KC,2.5,-2.5,53.0,66243.0,176,Outdoors,Fieldturf ,CIN,Accepted,,,57.0,77.0,2.0,https://www.pro-football-reference.com/boxscores/202212040cin.htm
2022,2022-12-04,LZoDld8s63xUs,Las Vegas,Raiders,LV,SjaMbkmeizJD4,Los Angeles,Chargers,LAC,-2.5,2.5,49.5,62123.0,187,Dome,Grass,LAC,Deferred,,,,,,https://www.pro-football-reference.com/boxscores/202212040rai.htm
2022,2022-12-04,KdjU81i7YSFE7,Dallas,Cowboys,DAL,LJmHetie5VbbO,Indianapolis,Colts,IND,-10.5,10.5,44.5,93086.0,187,Retractable roof (closed),Matrixturf,IND,Deferred,,,,,,https://www.pro-football-reference.com/boxscores/202212040dal.htm
2022,2022-12-05,QMAZH1v922YLu,Tampa Bay,Buccaneers,TB,CI5mhfNa0Zqd2,New Orleans,Saints,NO,-3.0,3.0,41.0,68709.0,177,Outdoors,Grass ,NO,Deferred,,,69.0,78.0,2.0,https://www.pro-football-reference.com/boxscores/202212050tam.htm
2022,2022-12-08,u98I1lDKQBwZ0,Los Angeles,Rams,LA,LZoDld8s63xUs,Las Vegas,Raiders,LV,6.0,-6.0,44.5,74738.0,183,Dome,Matrixturf,LA,Deferred,,,,,,https://www.pro-football-reference.com/boxscores/202212080ram.htm
2022,2022-12-11,3VqeLK0LS9rpw,Buffalo,Bills,BUF,mexvMWO2v1hWn,New York,Jets,NYJ,-10.0,10.0,43.0,70603.0,186,Outdoors,A_turf,NYJ,Deferred,,,36.0,92.0,11.0,https://www.pro-football-reference.com/boxscores/202212110buf.htm
2022,2022-12-11,22ZdibiqvfA2D,Cincinnati,Bengals,CIN,IR4gIYmh269EI,Cleveland,Browns,CLE,-5.5,5.5,46.5,66222.0,186,Outdoors,Fieldturf ,CLE,Deferred,,,47.0,63.0,8.0,https://www.pro-football-reference.com/boxscores/202212110cin.htm
2022,2022-12-11,KdjU81i7YSFE7,Dallas,Cowboys,DAL,UI0Ax4HUEXFh6,Houston,Texans,HOU,-17.0,17.0,44.0,93843.0,186,Retractable roof (closed),Matrixturf,HOU,Deferred,,,,,,https://www.pro-football-reference.com/boxscores/202212110dal.htm
2022,2022-12-11,FCuH1wdksA2DQ,Detroit,Lions,DET,AzOs5UWsXusSW,Minnesota,Vikings,MIN,-2.0,2.0,51.5,66374.0,193,Dome,Fieldturf ,MIN,Deferred,,,,,,https://www.pro-football-reference.com/boxscores/202212110det.htm
2022,2022-12-11,ltMyRE3yvVUaw,Tennessee,Titans,TEN,RtOjnciWkJPaL,Jacksonville,Jaguars,JAC,-3.5,3.5,41.0,68409.0,193,Outdoors,Grass ,JAC,Deferred,,,54.0,77.0,8.0,https://www.pro-football-reference.com/boxscores/202212110oti.htm
2022,2022-12-11,n8CuHV9wbYCqF,New York,Giants,NYG,hjjmgzxilGWdr,Philadelphia,Eagles,PHI,7.0,-7.0,45.0,81506.0,180,Outdoors,Fieldturf ,PHI,Deferred,,,37.0,78.0,6.0,https://www.pro-football-reference.com/boxscores/202212110nyg.htm
2022,2022-12-11,SlVgURDFI7EXX,Pittsburgh,Steelers,PIT,zyhFXj1nywrm1,Baltimore,Ravens,BAL,-1.5,1.5,36.5,66326.0,166,Outdoors,Grass ,PIT,Deferred,,,42.0,82.0,12.0,https://www.pro-football-reference.com/boxscores/202212110pit.htm
2022,2022-12-11,6DclFuycdPaOB,Denver,Broncos,DEN,oiGiwWPf0UqMC,Kansas City,Chiefs,KC,8.5,-8.5,44.0,76072.0,191,Outdoors,Grass ,DEN,Deferred,,,55.0,19.0,4.0,https://www.pro-football-reference.com/boxscores/202212110den.htm
2022,2022-12-11,4M8AK5p0WXs1N,Seattle,Seahawks,SEA,jJBGuksuDJF5L,Carolina,Panthers,CAR,-4.0,4.0,44.5,68672.0,182,Outdoors,Fieldturf ,SEA,Deferred,,,45.0,97.0,4.0,https://www.pro-football-reference.com/boxscores/202212110sea.htm
2022,2022-12-11,IwSI92ZDKoazn,San Francisco,49ers,SF,QMAZH1v922YLu,Tampa Bay,Buccaneers,TB,-3.5,3.5,37.5,71725.0,188,Outdoors,Grass,TB,Deferred,,,54.0,54.0,8.0,https://www.pro-football-reference.com/boxscores/202212110sfo.htm
2022,2022-12-11,SjaMbkmeizJD4,Los Angeles,Chargers,LAC,mfbu6O5aMHbJg,Miami,Dolphins,MIA,3.0,-3.0,53.5,70240.0,186,Dome,Matrixturf,LAC,Deferred,,,,,,https://www.pro-football-reference.com/boxscores/202212110sdg.htm
2022,2022-12-12,GJizlkzQFaqGA,Arizona,Cardinals,ARI,VkxV91RtzHn65,New England,Patriots,NE,1.5,-1.5,43.5,63251.0,194,Retractable roof (closed),Grass ,NE,Deferred,,,,,,https://www.pro-football-reference.com/boxscores/202212120crd.htm
2022,2022-12-15,4M8AK5p0WXs1N,Seattle,Seahawks,SEA,IwSI92ZDKoazn,San Francisco,49ers,SF,3.0,-3.0,43.0,68957.0,181,Outdoors,Fieldturf ,SF,Deferred,,,39.0,71.0,6.0,https://www.pro-football-reference.com/boxscores/202212150sea.htm
2022,2022-12-17,AzOs5UWsXusSW,Minnesota,Vikings,MIN,LJmHetie5VbbO,Indianapolis,Colts,IND,-3.5,3.5,47.5,66801.0,241,Dome,Sportturf,MIN,Deferred,MIN,Accepted,,,,https://www.pro-football-reference.com/boxscores/202212170min.htm
2022,2022-12-17,IR4gIYmh269EI,Cleveland,Browns,CLE,zyhFXj1nywrm1,Baltimore,Ravens,BAL,-3.0,3.0,38.0,67431.0,163,Outdoors,Grass ,BAL,Deferred,,,34.0,59.0,12.0,https://www.pro-football-reference.com/boxscores/202212170cle.htm
2022,2022-12-17,3VqeLK0LS9rpw,Buffalo,Bills,BUF,mfbu6O5aMHbJg,Miami,Dolphins,MIA,-7.0,7.0,43.5,70794.0,207,Outdoors,A_turf,BUF,Deferred,,,29.0,92.0,4.0,https://www.pro-football-reference.com/boxscores/202212170buf.htm
2022,2022-12-18,CI5mhfNa0Zqd2,New Orleans,Saints,NO,mLspw4gJNTQGN,Atlanta,Falcons,ATL,-4.0,4.0,43.5,70041.0,172,Dome,Sportturf,ATL,Deferred,,,,,,https://www.pro-football-reference.com/boxscores/202212180nor.htm
2022,2022-12-18,jJBGuksuDJF5L,Carolina,Panthers,CAR,SlVgURDFI7EXX,Pittsburgh,Steelers,PIT,-2.5,2.5,37.5,73548.0,172,Outdoors,Grass ,PIT,Deferred,,,47.0,37.0,7.0,https://www.pro-football-reference.com/boxscores/202212180car.htm
2022,2022-12-18,1vVmWGzUZ1rea,Chicago,Bears,CHI,hjjmgzxilGWdr,Philadelphia,Eagles,PHI,8.5,-8.5,48.5,48423.0,190,Outdoors,Grass ,PHI,Deferred,,,17.0,70.0,17.0,https://www.pro-football-reference.com/boxscores/202212180chi.htm
2022,2022-12-18,RtOjnciWkJPaL,Jacksonville,Jaguars,JAC,KdjU81i7YSFE7,Dallas,Cowboys,DAL,4.0,-4.0,48.0,69050.0,195,Outdoors,Grass ,DAL,Accepted,JAC,Accepted,54.0,37.0,9.0,https://www.pro-football-reference.com/boxscores/202212180jax.htm
2022,2022-12-18,mexvMWO2v1hWn,New York,Jets,NYJ,FCuH1wdksA2DQ,Detroit,Lions,DET,-1.0,1.0,43.5,75076.0,184,Outdoors,Fieldturf ,NYJ,Deferred,,,38.0,52.0,13.0,https://www.pro-football-reference.com/boxscores/202212180nyj.htm
2022,2022-12-18,UI0Ax4HUEXFh6,Houston,Texans,HOU,oiGiwWPf0UqMC,Kansas City,Chiefs,KC,14.5,-14.5,48.5,70541.0,191,Retractable roof (closed),Astroturf,KC,Deferred,KC,Accepted,,,,https://www.pro-football-reference.com/boxscores/202212180htx.htm
2022,2022-12-18,6DclFuycdPaOB,Denver,Broncos,DEN,GJizlkzQFaqGA,Arizona,Cardinals,ARI,-1.5,1.5,36.5,75179.0,178,Outdoors,Grass ,ARI,Accepted,,,37.0,20.0,4.0,https://www.pro-football-reference.com/boxscores/202212180den.htm
2022,2022-12-18,QMAZH1v922YLu,Tampa Bay,Buccaneers,TB,22ZdibiqvfA2D,Cincinnati,Bengals,CIN,3.5,-3.5,45.0,69305.0,187,Outdoors,Grass ,TB,Deferred,,,66.0,43.0,6.0,https://www.pro-football-reference.com/boxscores/202212180tam.htm
2022,2022-12-18,SjaMbkmeizJD4,Los Angeles,Chargers,LAC,ltMyRE3yvVUaw,Tennessee,Titans,TEN,-3.0,3.0,46.5,70240.0,182,Dome,Matrixturf,LAC,Deferred,,,,,,https://www.pro-football-reference.com/boxscores/202212180sdg.htm
2022,2022-12-18,9JtBk8kFeaGEs,Washington,Football Team,WAS,n8CuHV9wbYCqF,New York,Giants,NYG,-4.5,4.5,40.5,,187,Outdoors,Grass ,WAS,Accepted,,,35.0,47.0,13.0,https://www.pro-football-reference.com/boxscores/202212180was.htm
2022,2022-12-18,LZoDld8s63xUs,Las Vegas,Raiders,LV,VkxV91RtzHn65,New England,Patriots,NE,-1.5,1.5,45.0,62273.0,199,Dome,Grass,NE,Deferred,,,,,,https://www.pro-football-reference.com/boxscores/202212180rai.htm
2022,2022-12-19,D5QY6bOxfn8ZL,Green Bay,Packers,GB,u98I1lDKQBwZ0,Los Angeles,Rams,LA,-7.0,7.0,39.5,77269.0,177,Outdoors,Grass ,GB,Deferred,,,15.0,76.0,4.0,https://www.pro-football-reference.com/boxscores/202212190gnb.htm
2022,2022-12-22,mexvMWO2v1hWn,New York,Jets,NYJ,RtOjnciWkJPaL,Jacksonville,Jaguars,JAC,-2.0,2.0,37.0,70043.0,173,Outdoors,Fieldturf ,NYJ,Deferred,,,43.0,89.0,17.0,https://www.pro-football-reference.com/boxscores/202212220nyj.htm
2022,2022-12-24,zyhFXj1nywrm1,Baltimore,Ravens,BAL,mLspw4gJNTQGN,Atlanta,Falcons,ATL,-6.5,6.5,34.5,70467.0,177,Outdoors,Grass,BAL,Accepted,,,17.0,38.0,9.0,https://www.pro-football-reference.com/boxscores/202212240rav.htm
2022,2022-12-24,1vVmWGzUZ1rea,Chicago,Bears,CHI,3VqeLK0LS9rpw,Buffalo,Bills,BUF,8.0,-8.0,40.0,59929.0,182,Outdoors,Grass ,BUF,Deferred,,,7.0,72.0,17.0,https://www.pro-football-reference.com/boxscores/202212240chi.htm
2022,2022-12-24,jJBGuksuDJF5L,Carolina,Panthers,CAR,FCuH1wdksA2DQ,Detroit,Lions,DET,2.5,-2.5,43.5,69173.0,187,Outdoors,Grass ,DET,Deferred,,,20.0,43.0,12.0,https://www.pro-football-reference.com/boxscores/202212240car.htm
2022,2022-12-24,VkxV91RtzHn65,New England,Patriots,NE,22ZdibiqvfA2D,Cincinnati,Bengals,CIN,3.0,-3.0,41.5,65878.0,200,Outdoors,Fieldturf ,NE,Deferred,,,21.0,43.0,2.0,https://www.pro-football-reference.com/boxscores/202212240nwe.htm
2022,2022-12-24,IR4gIYmh269EI,Cleveland,Browns,CLE,CI5mhfNa0Zqd2,New Orleans,Saints,NO,-3.0,3.0,32.0,67431.0,168,Outdoors,Grass ,NO,Deferred,,,6.0,66.0,27.0,https://www.pro-football-reference.com/boxscores/202212240cle.htm
2022,2022-12-24,ltMyRE3yvVUaw,Tennessee,Titans,TEN,UI0Ax4HUEXFh6,Houston,Texans,HOU,-3.0,3.0,35.5,66634.0,162,Outdoors,Grass ,HOU,Deferred,,,22.0,55.0,14.0,https://www.pro-football-reference.com/boxscores/202212240oti.htm
2022,2022-12-24,oiGiwWPf0UqMC,Kansas City,Chiefs,KC,4M8AK5p0WXs1N,Seattle,Seahawks,SEA,-10.0,10.0,49.5,73331.0,178,Outdoors,Grass ,KC,Accepted,,,12.0,61.0,9.0,https://www.pro-football-reference.com/boxscores/202212240kan.htm
2022,2022-12-24,AzOs5UWsXusSW,Minnesota,Vikings,MIN,n8CuHV9wbYCqF,New York,Giants,NYG,-4.0,4.0,49.5,66919.0,184,Dome,Sportturf,NYG,Deferred,,,,,,https://www.pro-football-reference.com/boxscores/202212240min.htm
2022,2022-12-24,IwSI92ZDKoazn,San Francisco,49ers,SF,9JtBk8kFeaGEs,Washington,Football Team,WAS,-6.5,6.5,37.5,71642.0,190,Outdoors,Grass,SF,Deferred,,,54.0,82.0,2.0,https://www.pro-football-reference.com/boxscores/202212240sfo.htm
2022,2022-12-24,KdjU81i7YSFE7,Dallas,Cowboys,DAL,hjjmgzxilGWdr,Philadelphia,Eagles,PHI,-4.5,4.5,47.0,93754.0,183,Retractable roof (closed),Matrixturf,DAL,Deferred,,,,,,https://www.pro-football-reference.com/boxscores/202212240dal.htm
2022,2022-12-24,SlVgURDFI7EXX,Pittsburgh,Steelers,PIT,LZoDld8s63xUs,Las Vegas,Raiders,LV,-2.0,2.0,38.0,64761.0,173,Outdoors,Grass ,LV,Accepted,,,9.0,76.0,21.0,https://www.pro-football-reference.com/boxscores/202212240pit.htm
2022,2022-12-25,mfbu6O5aMHbJg,Miami,Dolphins,MIA,D5QY6bOxfn8ZL,Green Bay,Packers,GB,-3.5,3.5,49.5,66328.0,179,Outdoors,Grass ,GB,Deferred,,,45.0,68.0,14.0,https://www.pro-football-reference.com/boxscores/202212250mia.htm
2022,2022-12-25,u98I1lDKQBwZ0,Los Angeles,Rams,LA,6DclFuycdPaOB,Denver,Broncos,DEN,3.0,-3.0,36.5,71525.0,178,Dome,Matrixturf,DEN,Deferred,,,,,,https://www.pro-football-reference.com/boxscores/202212250ram.htm
2022,2022-12-25,GJizlkzQFaqGA,Arizona,Cardinals,ARI,QMAZH1v922YLu,Tampa Bay,Buccaneers,TB,7.5,-7.5,40.5,63393.0,211,Retractable roof (open),Grass ,ARI,Deferred,ARI,Accepted,,,,https://www.pro-football-reference.com/boxscores/202212250crd.htm
2022,2022-12-26,LJmHetie5VbbO,Indianapolis,Colts,IND,SjaMbkmeizJD4,Los Angeles,Chargers,LAC,4.0,-4.0,45.5,65576.0,168,Retractable roof (closed),Fieldturf ,IND,Accepted,,,,,,https://www.pro-football-reference.com/boxscores/202212260clt.htm
2022,2022-12-29,ltMyRE3yvVUaw,Tennessee,Titans,TEN,KdjU81i7YSFE7,Dallas,Cowboys,DAL,12.5,-12.5,39.5,69292.0,182,Outdoors,Grass ,TEN,Deferred,,,56.0,72.0,4.0,https://www.pro-football-reference.com/boxscores/202212290oti.htm
2022,2023-01-01,mLspw4gJNTQGN,Atlanta,Falcons,ATL,GJizlkzQFaqGA,Arizona,Cardinals,ARI,-6.0,6.0,41.0,69269.0,176,Retractable roof (closed),Fieldturf,ATL,Deferred,,,,,,https://www.pro-football-reference.com/boxscores/202301010atl.htm
2022,2023-01-01,QMAZH1v922YLu,Tampa Bay,Buccaneers,TB,jJBGuksuDJF5L,Carolina,Panthers,CAR,-3.5,3.5,40.5,69298.0,200,Outdoors,Grass ,TB,Deferred,,,75.0,87.0,2.0,https://www.pro-football-reference.com/boxscores/202301010tam.htm
2022,2023-01-01,FCuH1wdksA2DQ,Detroit,Lions,DET,1vVmWGzUZ1rea,Chicago,Bears,CHI,-6.0,6.0,52.5,66169.0,174,Dome,Fieldturf ,DET,Deferred,,,,,,https://www.pro-football-reference.com/boxscores/202301010det.htm
2022,2023-01-01,9JtBk8kFeaGEs,Washington,Football Team,WAS,IR4gIYmh269EI,Cleveland,Browns,CLE,-2.0,2.0,40.5,50827.0,169,Outdoors,Grass ,WAS,Deferred,,,59.0,51.0,9.0,https://www.pro-football-reference.com/boxscores/202301010was.htm
2022,2023-01-01,n8CuHV9wbYCqF,New York,Giants,NYG,LJmHetie5VbbO,Indianapolis,Colts,IND,-5.5,5.5,39.0,77399.0,162,Outdoors,Fieldturf ,NYG,Deferred,,,52.0,57.0,14.0,https://www.pro-football-reference.com/boxscores/202301010nyg.htm
2022,2023-01-01,oiGiwWPf0UqMC,Kansas City,Chiefs,KC,6DclFuycdPaOB,Denver,Broncos,DEN,-12.5,12.5,45.0,73571.0,184,Outdoors,Grass ,KC,Deferred,,,47.0,80.0,2.0,https://www.pro-football-reference.com/boxscores/202301010kan.htm
2022,2023-01-01,UI0Ax4HUEXFh6,Houston,Texans,HOU,RtOjnciWkJPaL,Jacksonville,Jaguars,JAC,3.0,-3.0,43.0,64581.0,174,Retractable roof (closed),Astroturf,JAC,Deferred,,,,,,https://www.pro-football-reference.com/boxscores/202301010htx.htm
2022,2023-01-01,VkxV91RtzHn65,New England,Patriots,NE,mfbu6O5aMHbJg,Miami,Dolphins,MIA,-2.5,2.5,41.0,65878.0,190,Outdoors,Fieldturf ,NE,Deferred,,,53.0,73.0,2.0,https://www.pro-football-reference.com/boxscores/202301010nwe.htm
2022,2023-01-01,hjjmgzxilGWdr,Philadelphia,Eagles,PHI,CI5mhfNa0Zqd2,New Orleans,Saints,NO,-5.5,5.5,41.5,69796.0,173,Outdoors,Grass ,PHI,Deferred,,,54.0,57.0,11.0,https://www.pro-football-reference.com/boxscores/202301010phi.htm
2022,2023-01-01,zyhFXj1nywrm1,Baltimore,Ravens,BAL,SlVgURDFI7EXX,Pittsburgh,Steelers,PIT,-2.5,2.5,35.0,71042.0,171,Outdoors,Grass,PIT,Accepted,,,44.0,89.0,2.0,https://www.pro-football-reference.com/boxscores/202301010rav.htm
2022,2023-01-01,4M8AK5p0WXs1N,Seattle,Seahawks,SEA,mexvMWO2v1hWn,New York,Jets,NYJ,1.5,-1.5,42.5,68827.0,184,Outdoors,Fieldturf ,NYJ,Deferred,,,45.0,93.0,2.0,https://www.pro-football-reference.com/boxscores/202301010sea.htm
2022,2023-01-01,LZoDld8s63xUs,Las Vegas,Raiders,LV,IwSI92ZDKoazn,San Francisco,49ers,SF,9.5,-9.5,42.5,62367.0,204,Dome,Grass,SF,Deferred,LV,Accepted,,,,https://www.pro-football-reference.com/boxscores/202301010rai.htm
2022,2023-01-01,D5QY6bOxfn8ZL,Green Bay,Packers,GB,AzOs5UWsXusSW,Minnesota,Vikings,MIN,-3.0,3.0,47.5,78190.0,174,Outdoors,Grass ,GB,Deferred,,,39.0,79.0,7.0,https://www.pro-football-reference.com/boxscores/202301010gnb.htm
2022,2023-01-01,SjaMbkmeizJD4,Los Angeles,Chargers,LAC,u98I1lDKQBwZ0,Los Angeles,Rams,LA,6.5,-6.5,41.5,70240.0,158,Dome,Matrixturf,LAC,Deferred,,,,,,https://www.pro-football-reference.com/boxscores/202301010sdg.htm
2022,2023-01-07,LZoDld8s63xUs,Las Vegas,Raiders,LV,oiGiwWPf0UqMC,Kansas City,Chiefs,KC,9.0,-9.0,52.5,62136.0,170,Dome,Grass,LV,Deferred,,,,,,https://www.pro-football-reference.com/boxscores/202301070rai.htm
2022,2023-01-07,RtOjnciWkJPaL,Jacksonville,Jaguars,JAC,ltMyRE3yvVUaw,Tennessee,Titans,TEN,-6.5,6.5,40.0,70050.0,174,Outdoors,Grass ,JAC,Deferred,,,56.0,67.0,4.0,https://www.pro-football-reference.com/boxscores/202301070jax.htm
2022,2023-01-08,3VqeLK0LS9rpw,Buffalo,Bills,BUF,VkxV91RtzHn65,New England,Patriots,NE,-7.5,7.5,43.5,70753.0,188,Outdoors,A_turf,NE,Deferred,,,30.0,74.0,6.0,https://www.pro-football-reference.com/boxscores/202301080buf.htm
2022,2023-01-08,22ZdibiqvfA2D,Cincinnati,Bengals,CIN,zyhFXj1nywrm1,Baltimore,Ravens,BAL,-9.0,9.0,39.5,65849.0,202,Outdoors,Fieldturf ,BAL,Accepted,,,38.0,62.0,7.0,https://www.pro-football-reference.com/boxscores/202301080cin.htm
2022,2023-01-08,mLspw4gJNTQGN,Atlanta,Falcons,ATL,QMAZH1v922YLu,Tampa Bay,Buccaneers,TB,-4.0,4.0,40.5,69276.0,170,Retractable roof (closed),Fieldturf,ATL,Deferred,,,,,,https://www.pro-football-reference.com/boxscores/202301080atl.htm
2022,2023-01-08,CI5mhfNa0Zqd2,New Orleans,Saints,NO,jJBGuksuDJF5L,Carolina,Panthers,CAR,-3.5,3.5,41.5,70118.0,163,Dome,Sportturf,CAR,Deferred,,,,,,https://www.pro-football-reference.com/boxscores/202301080nor.htm
2022,2023-01-08,1vVmWGzUZ1rea,Chicago,Bears,CHI,AzOs5UWsXusSW,Minnesota,Vikings,MIN,7.0,-7.0,42.5,60007.0,176,Outdoors,Grass ,MIN,Deferred,,,32.0,74.0,2.0,https://www.pro-football-reference.com/boxscores/202301080chi.htm
2022,2023-01-08,SlVgURDFI7EXX,Pittsburgh,Steelers,PIT,IR4gIYmh269EI,Cleveland,Browns,CLE,-2.5,2.5,40.0,65019.0,184,Outdoors,Grass ,PIT,Deferred,,,36.0,64.0,8.0,https://www.pro-football-reference.com/boxscores/202301080pit.htm
2022,2023-01-08,LJmHetie5VbbO,Indianapolis,Colts,IND,UI0Ax4HUEXFh6,Houston,Texans,HOU,-2.5,2.5,37.5,63655.0,189,Retractable roof (closed),Fieldturf ,IND,Deferred,,,,,,https://www.pro-football-reference.com/boxscores/202301080clt.htm
2022,2023-01-08,mfbu6O5aMHbJg,Miami,Dolphins,MIA,mexvMWO2v1hWn,New York,Jets,NYJ,-3.5,3.5,37.0,66429.0,179,Outdoors,Grass ,MIA,Accepted,,,75.0,66.0,9.0,https://www.pro-football-reference.com/boxscores/202301080mia.htm
2022,2023-01-08,IwSI92ZDKoazn,San Francisco,49ers,SF,GJizlkzQFaqGA,Arizona,Cardinals,ARI,-14.0,14.0,39.5,71638.0,172,Outdoors,Grass,SF,Deferred,,,57.0,77.0,2.0,https://www.pro-football-reference.com/boxscores/202301080sfo.htm
2022,2023-01-08,9JtBk8kFeaGEs,Washington,Football Team,WAS,KdjU81i7YSFE7,Dallas,Cowboys,DAL,7.0,-7.0,40.0,62814.0,183,Outdoors,Grass ,DAL,Accepted,,,42.0,53.0,7.0,https://www.pro-football-reference.com/boxscores/202301080was.htm
2022,2023-01-08,6DclFuycdPaOB,Denver,Broncos,DEN,SjaMbkmeizJD4,Los Angeles,Chargers,LAC,-3.0,3.0,39.5,74035.0,183,Outdoors,Grass ,DEN,Deferred,,,43.0,39.0,4.0,https://www.pro-football-reference.com/boxscores/202301080den.htm
2022,2023-01-08,hjjmgzxilGWdr,Philadelphia,Eagles,PHI,n8CuHV9wbYCqF,New York,Giants,NYG,-16.0,16.0,42.0,69879.0,177,Outdoors,Grass ,PHI,Deferred,,,43.0,55.0,12.0,https://www.pro-football-reference.com/boxscores/202301080phi.htm
2022,2023-01-08,4M8AK5p0WXs1N,Seattle,Seahawks,SEA,u98I1lDKQBwZ0,Los Angeles,Rams,LA,-6.0,6.0,41.5,68660.0,187,Outdoors,Fieldturf ,LA,Deferred,SEA,Accepted,45.0,100.0,4.0,https://www.pro-football-reference.com/boxscores/202301080sea.htm
2022,2023-01-08,D5QY6bOxfn8ZL,Green Bay,Packers,GB,FCuH1wdksA2DQ,Detroit,Lions,DET,-5.0,5.0,49.0,78191.0,179,Outdoors,Grass ,DET,Deferred,,,21.0,92.0,4.0,https://www.pro-football-reference.com/boxscores/202301080gnb.htm
2022,2023-01-14,IwSI92ZDKoazn,San Francisco,49ers,SF,4M8AK5p0WXs1N,Seattle,Seahawks,SEA,-9.5,9.5,42.0,71299.0,181,Outdoors,Grass,SF,Deferred,,,57.0,82.0,11.0,https://www.pro-football-reference.com/boxscores/202301140sfo.htm
2022,2023-01-14,RtOjnciWkJPaL,Jacksonville,Jaguars,JAC,SjaMbkmeizJD4,Los Angeles,Chargers,LAC,2.5,-2.5,47.5,70250.0,193,Outdoors,Grass ,LAC,Deferred,,,37.0,75.0,4.0,https://www.pro-football-reference.com/boxscores/202301140jax.htm
2022,2023-01-15,3VqeLK0LS9rpw,Buffalo,Bills,BUF,mfbu6O5aMHbJg,Miami,Dolphins,MIA,-13.5,13.5,43.5,70651.0,233,Outdoors,A_turf,MIA,Deferred,,,27.0,80.0,4.0,https://www.pro-football-reference.com/boxscores/202301150buf.htm
2022,2023-01-15,AzOs5UWsXusSW,Minnesota,Vikings,MIN,n8CuHV9wbYCqF,New York,Giants,NYG,-3.0,3.0,48.0,66721.0,178,Dome,Sportturf,NYG,Deferred,,,,,,https://www.pro-football-reference.com/boxscores/202301150min.htm
2022,2023-01-15,22ZdibiqvfA2D,Cincinnati,Bengals,CIN,zyhFXj1nywrm1,Baltimore,Ravens,BAL,-8.5,8.5,40.5,66399.0,182,Outdoors,Fieldturf ,CIN,Accepted,,,30.0,71.0,4.0,https://www.pro-football-reference.com/boxscores/202301150cin.htm
2022,2023-01-16,QMAZH1v922YLu,Tampa Bay,Buccaneers,TB,KdjU81i7YSFE7,Dallas,Cowboys,DAL,2.5,-2.5,45.5,69145.0,191,Outdoors,Grass ,TB,Deferred,,,58.0,42.0,2.0,https://www.pro-football-reference.com/boxscores/202301160tam.htm
2022,2023-01-21,oiGiwWPf0UqMC,Kansas City,Chiefs,KC,RtOjnciWkJPaL,Jacksonville,Jaguars,JAC,-9.0,9.0,52.5,73220.0,181,Outdoors,Grass ,KC,Deferred,,,36.0,92.0,6.0,https://www.pro-football-reference.com/boxscores/202301210kan.htm
2022,2023-01-21,hjjmgzxilGWdr,Philadelphia,Eagles,PHI,n8CuHV9wbYCqF,New York,Giants,NYG,-7.5,7.5,48.0,69879.0,171,Outdoors,Grass ,NYG,Deferred,,,40.0,55.0,6.0,https://www.pro-football-reference.com/boxscores/202301210phi.htm
2022,2023-01-22,3VqeLK0LS9rpw,Buffalo,Bills,BUF,22ZdibiqvfA2D,Cincinnati,Bengals,CIN,-5.5,5.5,49.0,70733.0,181,Outdoors,A_turf,BUF,Deferred,,,32.0,100.0,4.0,https://www.pro-football-reference.com/boxscores/202301220buf.htm
2022,2023-01-22,IwSI92ZDKoazn,San Francisco,49ers,SF,KdjU81i7YSFE7,Dallas,Cowboys,DAL,-4.0,4.0,47.0,71888.0,183,Outdoors,Grass,DAL,Deferred,,,55.0,47.0,19.0,https://www.pro-football-reference.com/boxscores/202301220sfo.htm
2022,2023-01-29,hjjmgzxilGWdr,Philadelphia,Eagles,PHI,IwSI92ZDKoazn,San Francisco,49ers,SF,-2.5,2.5,45.5,69879.0,182,Outdoors,Grass ,SF,Deferred,,,52.0,48.0,14.0,https://www.pro-football-reference.com/boxscores/202301290phi.htm
2022,2023-01-29,oiGiwWPf0UqMC,Kansas City,Chiefs,KC,22ZdibiqvfA2D,Cincinnati,Bengals,CIN,-1.5,1.5,48.0,73426.0,203,Outdoors,Grass ,KC,Deferred,,,22.0,55.0,13.0,https://www.pro-football-reference.com/boxscores/202301290kan.htm
